DataSetSize,TrainingTime
100,3.189539512
500,4.086339076
1000,5.61995705
1500,6.630336046
2000,8.10155948
2500,9.269567331
3000,10.41901787
3500,12.08053072
4000,13.52349917
4500,14.62472717
5000,16.3495326
5500,17.63808131
6000,19.11185185
6500,20.17220974
7000,21.56342705
7500,22.81603058
8000,25.58255275
8500,27.60769924
9000,27.51884421
9500,28.49817117
10000,29.83280659
10500,31.3308545
11000,33.45978538
11500,34.0487047
12000,34.90149895
