DataSetSize,TrainingTime
100,2.392154634
500,3.064754307
1000,4.214967787
1500,4.972752035
2000,6.07616961
2500,6.952175498
3000,7.814263403
3500,9.060398042
4000,10.14262438
4500,10.96854538
5000,12.26214945
5500,13.22856098
6000,14.33388889
6500,15.1291573
7000,16.17257029
7500,17.11202294
8000,19.18691456
8500,20.70577443
9000,20.63913316
9500,21.37362838
10000,22.37460494
10500,23.49814087
11000,25.09483904
11500,25.53652853
12000,26.17612422
