DataSetSize,TrainingTime
100,4.784309268
500,6.129508615
1000,8.429935575
1500,9.945504069
2000,12.15233922
2500,13.904351
3000,15.62852681
3500,18.12079608
4000,20.28524876
4500,21.93709075
5000,24.52429891
5500,26.45712197
6000,28.66777778
6500,30.25831461
7000,32.34514058
7500,34.22404587
8000,38.37382913
8500,41.41154885
9000,41.27826631
9500,42.74725676
10000,44.74920988
10500,46.99628174
11000,50.18967807
11500,51.07305706
12000,52.35224843
