DataSetSize,TrainingTime
100,11.08105683
500,12.79165936
1000,16.94556236
1500,20.98527527
2000,26.31366467
2500,31.35003352
3000,33.88755465
3500,40.12469482
4000,43.41081643
4500,49.30165172
5000,51.58852625
5500,56.41459179
6000,60.70619798
6500,64.52411675
7000,69.39544439
7500,74.78260326
8000,77.17465043
8500,83.17518449
9000,89.40903187
9500,91.42293715
10000,95.81783962
10500,101.5478196
11000,103.5727863
11500,111.3101649
12000,113.4676285
