DataSetSize,TrainingTime
100,1.913723707
500,2.451803446
1000,3.37197423
1500,3.978201628
2000,4.860935688
2500,5.561740398
3000,6.251410723
3500,7.248318434
4000,8.114099503
4500,8.774836302
5000,9.809719563
5500,10.58284879
6000,11.46711111
6500,12.10332584
7000,12.93805623
7500,13.68961835
8000,15.34953165
8500,16.56461954
9000,16.51130652
9500,17.0989027
10000,17.89968395
10500,18.7985127
11000,20.07587123
11500,20.42922282
12000,20.94089937
